{
  "css": {
    "properties": {
      "border-right": {
        "__compat": {
          "mdn_url": "https://developer.mozilla.org/docs/Web/CSS/border-right",
          "support": {
            "chrome": {
              "version_added": "1"
            },
            "chrome_android": {
              "version_added": "18"
            },
            "edge": {
              "version_added": "12"
            },
            "firefox": {
              "version_added": "1"
            },
            "firefox_android": {
              "version_added": "14"
            },
            "ie": {
              "version_added": "5.5"
            },
            "opera": {
              "version_added": "9.2"
            },
            "opera_android": {
              "version_added": true
            },
            "safari": {
              "version_added": "1"
            },
            "safari_ios": {
              "version_added": "1"
            },
            "webview_android": {
              "version_added": "≤37"
            }
          },
          "status": {
            "experimental": false,
            "standard_track": true,
            "deprecated": false
          }
        }
      }
    }
  }
}
