{
  "css": {
    "properties": {
      "border-color": {
        "__compat": {
          "mdn_url": "https://developer.mozilla.org/docs/Web/CSS/border-color",
          "support": {
            "chrome": {
              "version_added": "1"
            },
            "chrome_android": {
              "version_added": "18"
            },
            "edge": {
              "version_added": "12"
            },
            "firefox": {
              "version_added": "1",
              "notes": "Firefox also supports the following non-standard CSS properties to set the border sides to multiple colors: <a href='https://developer.mozilla.org/docs/Web/CSS/-moz-border-top-colors'><code>-moz-border-top-colors</code></a>, <a href='https://developer.mozilla.org/docs/Web/CSS/-moz-border-right-colors'><code>-moz-border-right-colors</code></a>, <a href='https://developer.mozilla.org/docs/Web/CSS/-moz-border-bottom-colors'><code>-moz-border-bottom-colors</code></a>, <a href='https://developer.mozilla.org/docs/Web/CSS/-moz-border-left-colors'><code>-moz-border-left-colors</code></a>"
            },
            "firefox_android": {
              "version_added": "4",
              "notes": "Firefox also supports the following non-standard CSS properties to set the border sides to multiple colors: <a href='https://developer.mozilla.org/docs/Web/CSS/-moz-border-top-colors'><code>-moz-border-top-colors</code></a>, <a href='https://developer.mozilla.org/docs/Web/CSS/-moz-border-right-colors'><code>-moz-border-right-colors</code></a>, <a href='https://developer.mozilla.org/docs/Web/CSS/-moz-border-bottom-colors'><code>-moz-border-bottom-colors</code></a>, <a href='https://developer.mozilla.org/docs/Web/CSS/-moz-border-left-colors'><code>-moz-border-left-colors</code></a>"
            },
            "ie": {
              "version_added": "4"
            },
            "opera": {
              "version_added": "3.5"
            },
            "opera_android": {
              "version_added": "10.1"
            },
            "safari": {
              "version_added": "1"
            },
            "safari_ios": {
              "version_added": "1"
            },
            "webview_android": {
              "version_added": "4"
            }
          },
          "status": {
            "experimental": false,
            "standard_track": true,
            "deprecated": false
          }
        }
      }
    }
  }
}
