{
  "css": {
    "properties": {
      "box-decoration-break": {
        "__compat": {
          "mdn_url": "https://developer.mozilla.org/docs/Web/CSS/box-decoration-break",
          "support": {
            "chrome": {
              "prefix": "-webkit-",
              "version_added": "22",
              "notes": "This property is only supported for inline elements."
            },
            "chrome_android": {
              "prefix": "-webkit-",
              "version_added": "18",
              "notes": "This property is only supported for inline elements."
            },
            "edge": {
              "version_added": false
            },
            "firefox": [
              {
                "version_added": "32"
              },
              {
                "alternative_name": "-moz-background-inline-policy",
                "version_added": "1",
                "version_removed": "32"
              }
            ],
            "firefox_android": [
              {
                "version_added": "32"
              },
              {
                "alternative_name": "-moz-background-inline-policy",
                "version_added": "4",
                "version_removed": "32"
              }
            ],
            "ie": {
              "version_added": false
            },
            "opera": [
              {
                "prefix": "-webkit-",
                "version_added": "15"
              },
              {
                "version_added": "11.5",
                "version_removed": "15"
              }
            ],
            "opera_android": [
              {
                "prefix": "-webkit-",
                "version_added": "14"
              },
              {
                "version_added": "11.5",
                "version_removed": "14"
              }
            ],
            "safari": {
              "version_added": "6.1",
              "notes": "This property is only supported for inline elements."
            },
            "safari_ios": {
              "version_added": "7",
              "notes": "This property is only supported for inline elements."
            },
            "samsunginternet_android": {
              "version_added": true
            },
            "webview_android": {
              "prefix": "-webkit-",
              "version_added": "≤37",
              "notes": "This property is only supported for inline elements."
            }
          },
          "status": {
            "experimental": true,
            "standard_track": true,
            "deprecated": false
          }
        }
      }
    }
  }
}
