{
  "css": {
    "properties": {
      "contain": {
        "__compat": {
          "mdn_url": "https://developer.mozilla.org/docs/Web/CSS/contain",
          "support": {
            "chrome": {
              "version_added": "52"
            },
            "chrome_android": {
              "version_added": "52"
            },
            "edge": {
              "version_added": false
            },
            "firefox": [
              {
                "version_added": "69",
                "notes": "Firefox does not support the <code>style</code> value."
              },
              {
                "version_added": "41",
                "flags": [
                  {
                    "type": "preference",
                    "name": "layout.css.contain.enabled",
                    "value_to_set": "true"
                  }
                ]
              }
            ],
            "firefox_android": {
              "version_added": "41",
              "flags": [
                {
                  "type": "preference",
                  "name": "layout.css.contain.enabled",
                  "value_to_set": "true"
                }
              ],
              "notes": "Firefox does not support the <code>style</code> value."
            },
            "ie": {
              "version_added": false
            },
            "opera": {
              "version_added": "40"
            },
            "opera_android": {
              "version_added": "41"
            },
            "safari": {
              "version_added": false
            },
            "safari_ios": {
              "version_added": false
            },
            "samsunginternet_android": {
              "version_added": "6.0"
            },
            "webview_android": {
              "version_added": "52"
            }
          },
          "status": {
            "experimental": true,
            "standard_track": true,
            "deprecated": false
          }
        }
      }
    }
  }
}
