{
  "css": {
    "properties": {
      "inset-block-end": {
        "__compat": {
          "mdn_url": "https://developer.mozilla.org/docs/Web/CSS/inset-block-end",
          "support": {
            "chrome": {
              "version_added": "69",
              "flags": [
                {
                  "type": "preference",
                  "name": "enable-experimental-web-platform-features",
                  "value_to_set": "enabled"
                }
              ]
            },
            "chrome_android": {
              "version_added": "69",
              "flags": [
                {
                  "type": "preference",
                  "name": "enable-experimental-web-platform-features",
                  "value_to_set": "enabled"
                }
              ]
            },
            "edge": {
              "version_added": false
            },
            "firefox": [
              {
                "version_added": "63"
              },
              {
                "alternative_name": "offset-block-end",
                "version_added": "41",
                "version_removed": "63"
              },
              {
                "version_added": "38",
                "version_removed": "51",
                "flags": [
                  {
                    "type": "preference",
                    "name": "layout.css.vertical-text.enabled",
                    "value_to_set": "true"
                  }
                ]
              }
            ],
            "firefox_android": [
              {
                "version_added": "63"
              },
              {
                "alternative_name": "offset-block-end",
                "version_added": "41",
                "version_removed": "63"
              },
              {
                "version_added": "38",
                "version_removed": "51",
                "flags": [
                  {
                    "type": "preference",
                    "name": "layout.css.vertical-text.enabled",
                    "value_to_set": "true"
                  }
                ]
              }
            ],
            "ie": {
              "version_added": false
            },
            "opera": {
              "version_added": "56",
              "flags": [
                {
                  "type": "preference",
                  "name": "enable-experimental-web-platform-features",
                  "value_to_set": "enabled"
                }
              ]
            },
            "opera_android": {
              "version_added": "48",
              "flags": [
                {
                  "type": "preference",
                  "name": "enable-experimental-web-platform-features",
                  "value_to_set": "enabled"
                }
              ]
            },
            "safari": {
              "version_added": false
            },
            "safari_ios": {
              "version_added": false
            },
            "samsunginternet_android": {
              "version_added": false
            },
            "webview_android": {
              "version_added": false
            }
          },
          "status": {
            "experimental": true,
            "standard_track": true,
            "deprecated": false
          }
        }
      }
    }
  }
}
