{
  "css": {
    "properties": {
      "max-inline-size": {
        "__compat": {
          "mdn_url": "https://developer.mozilla.org/docs/Web/CSS/max-inline-size",
          "support": {
            "chrome": {
              "version_added": "57"
            },
            "chrome_android": {
              "version_added": "57"
            },
            "edge": {
              "version_added": false
            },
            "firefox": [
              {
                "version_added": "41"
              },
              {
                "version_added": "38",
                "version_removed": "51",
                "flags": [
                  {
                    "type": "preference",
                    "name": "layout.css.vertical-text.enabled",
                    "value_to_set": "true"
                  }
                ]
              }
            ],
            "firefox_android": [
              {
                "version_added": "41"
              },
              {
                "version_added": "38",
                "version_removed": "51",
                "flags": [
                  {
                    "type": "preference",
                    "name": "layout.css.vertical-text.enabled",
                    "value_to_set": "true"
                  }
                ]
              }
            ],
            "ie": {
              "version_added": false
            },
            "opera": {
              "version_added": "44"
            },
            "opera_android": {
              "version_added": "43"
            },
            "safari": [
              {
                "prefix": "-webkit-",
                "version_added": "10.1"
              },
              {
                "version_added": "12.1"
              }
            ],
            "safari_ios": [
              {
                "version_added": "12.2"
              },
              {
                "prefix": "-webkit-",
                "version_added": "10.3"
              }
            ],
            "samsunginternet_android": {
              "version_added": true
            },
            "webview_android": {
              "version_added": "57"
            }
          },
          "status": {
            "experimental": false,
            "standard_track": true,
            "deprecated": false
          }
        },
        "fit-content": {
          "__compat": {
            "description": "<code>fit-content</code>",
            "support": {
              "chrome": {
                "version_added": "57"
              },
              "chrome_android": {
                "version_added": "57"
              },
              "edge": {
                "version_added": false
              },
              "firefox": {
                "prefix": "-moz-",
                "version_added": "38"
              },
              "firefox_android": {
                "prefix": "-moz-",
                "version_added": "38"
              },
              "ie": {
                "version_added": false
              },
              "opera": {
                "version_added": "44"
              },
              "opera_android": {
                "version_added": "43"
              },
              "safari": {
                "version_added": "12.1"
              },
              "safari_ios": {
                "version_added": "12.2"
              },
              "samsunginternet_android": {
                "alternative_name": "-webkit-fill-available",
                "version_added": "5.0"
              },
              "webview_android": {
                "version_added": "57"
              }
            },
            "status": {
              "experimental": false,
              "standard_track": true,
              "deprecated": false
            }
          }
        },
        "max-content": {
          "__compat": {
            "description": "<code>max-content</code>",
            "support": {
              "chrome": {
                "version_added": "57"
              },
              "chrome_android": {
                "version_added": "57"
              },
              "edge": {
                "version_added": false
              },
              "firefox": [
                {
                  "version_added": "66"
                },
                {
                  "version_added": "41",
                  "prefix": "-moz-"
                }
              ],
              "firefox_android": [
                {
                  "version_added": "66"
                },
                {
                  "version_added": "41",
                  "prefix": "-moz-"
                }
              ],
              "ie": {
                "version_added": false
              },
              "opera": {
                "version_added": "44"
              },
              "opera_android": {
                "version_added": "43"
              },
              "safari": {
                "version_added": "12.1"
              },
              "safari_ios": {
                "version_added": "12.2"
              },
              "samsunginternet_android": {
                "version_added": "5.0"
              },
              "webview_android": {
                "version_added": "57"
              }
            },
            "status": {
              "experimental": false,
              "standard_track": true,
              "deprecated": false
            }
          }
        },
        "min-content": {
          "__compat": {
            "description": "<code>min-content</code>",
            "support": {
              "chrome": {
                "version_added": "57"
              },
              "chrome_android": {
                "version_added": "57"
              },
              "edge": {
                "version_added": false
              },
              "firefox": [
                {
                  "version_added": "66"
                },
                {
                  "version_added": "41",
                  "prefix": "-moz-"
                }
              ],
              "firefox_android": [
                {
                  "version_added": "66"
                },
                {
                  "version_added": "41",
                  "prefix": "-moz-"
                }
              ],
              "ie": {
                "version_added": false
              },
              "opera": {
                "version_added": "44"
              },
              "opera_android": {
                "version_added": "43"
              },
              "safari": {
                "version_added": "12.1"
              },
              "safari_ios": {
                "version_added": "12.2"
              },
              "samsunginternet_android": {
                "version_added": "5.0"
              },
              "webview_android": {
                "version_added": "57"
              }
            },
            "status": {
              "experimental": false,
              "standard_track": true,
              "deprecated": false
            }
          }
        }
      }
    }
  }
}
