{
  "css": {
    "properties": {
      "object-position": {
        "__compat": {
          "mdn_url": "https://developer.mozilla.org/docs/Web/CSS/object-position",
          "support": {
            "chrome": {
              "version_added": "31"
            },
            "chrome_android": {
              "version_added": "31"
            },
            "edge": {
              "version_added": "16"
            },
            "firefox": {
              "version_added": "36"
            },
            "firefox_android": {
              "version_added": "36"
            },
            "ie": {
              "version_added": false
            },
            "opera": [
              {
                "version_added": "19"
              },
              {
                "prefix": "-o-",
                "version_added": "11.6"
              }
            ],
            "opera_android": [
              {
                "version_added": "19"
              },
              {
                "prefix": "-o-",
                "version_added": "12"
              }
            ],
            "safari": {
              "version_added": "10"
            },
            "safari_ios": {
              "version_added": "10"
            },
            "samsunginternet_android": {
              "version_added": null
            },
            "webview_android": {
              "version_added": "4.4.3"
            }
          },
          "status": {
            "experimental": false,
            "standard_track": true,
            "deprecated": false
          }
        },
        "three_value_syntax": {
          "__compat": {
            "description": "Support for three-value syntax of position",
            "support": {
              "chrome": {
                "version_added": "31",
                "version_removed": "68"
              },
              "chrome_android": {
                "version_added": "31",
                "version_removed": "68"
              },
              "edge": {
                "version_added": "16"
              },
              "firefox": {
                "version_added": "36",
                "version_removed": "70"
              },
              "firefox_android": {
                "version_added": "36"
              },
              "ie": {
                "version_added": false
              },
              "opera": [
                {
                  "version_added": "19",
                  "version_removed": "55"
                },
                {
                  "prefix": "-o-",
                  "version_added": "11.6"
                }
              ],
              "opera_android": [
                {
                  "version_added": "19",
                  "version_removed": "48"
                },
                {
                  "prefix": "-o-",
                  "version_added": "12"
                }
              ],
              "safari": {
                "version_added": "10"
              },
              "safari_ios": {
                "version_added": "10"
              },
              "samsunginternet_android": {
                "version_added": null
              },
              "webview_android": {
                "version_added": "4.4.3",
                "version_removed": "68"
              }
            },
            "status": {
              "experimental": false,
              "standard_track": true,
              "deprecated": false
            }
          }
        }
      }
    }
  }
}
