{
  "css": {
    "properties": {
      "overflow-wrap": {
        "__compat": {
          "mdn_url": "https://developer.mozilla.org/docs/Web/CSS/overflow-wrap",
          "support": {
            "chrome": [
              {
                "version_added": "23"
              },
              {
                "alternative_name": "word-wrap",
                "version_added": "1"
              }
            ],
            "chrome_android": [
              {
                "version_added": "25"
              },
              {
                "alternative_name": "word-wrap",
                "version_added": "18"
              }
            ],
            "edge": [
              {
                "version_added": "18"
              },
              {
                "alternative_name": "word-wrap",
                "version_added": "12"
              }
            ],
            "firefox": [
              {
                "version_added": "49"
              },
              {
                "alternative_name": "word-wrap",
                "version_added": "3.5"
              }
            ],
            "firefox_android": [
              {
                "version_added": "49"
              },
              {
                "alternative_name": "word-wrap",
                "version_added": "4"
              }
            ],
            "ie": {
              "alternative_name": "word-wrap",
              "version_added": "5.5"
            },
            "opera": [
              {
                "version_added": "12.1"
              },
              {
                "alternative_name": "word-wrap",
                "version_added": "10.5"
              }
            ],
            "opera_android": [
              {
                "version_added": "12.1"
              },
              {
                "alternative_name": "word-wrap",
                "version_added": "11"
              }
            ],
            "safari": [
              {
                "version_added": "6.1"
              },
              {
                "alternative_name": "word-wrap",
                "version_added": "1"
              }
            ],
            "safari_ios": [
              {
                "version_added": "7"
              },
              {
                "alternative_name": "word-wrap",
                "version_added": "1"
              }
            ],
            "samsunginternet_android": {
              "version_added": "4.0"
            },
            "webview_android": [
              {
                "version_added": "4.4"
              },
              {
                "alternative_name": "word-wrap",
                "version_added": "1"
              }
            ]
          },
          "status": {
            "experimental": false,
            "standard_track": true,
            "deprecated": false
          }
        },
        "anywhere": {
          "__compat": {
            "description": "<code>anywhere</code>",
            "support": {
              "chrome": {
                "version_added": false
              },
              "chrome_android": {
                "version_added": false
              },
              "edge": {
                "version_added": false
              },
              "firefox": {
                "version_added": "65"
              },
              "firefox_android": {
                "version_added": "65"
              },
              "ie": {
                "version_added": false
              },
              "opera": {
                "version_added": false
              },
              "opera_android": {
                "version_added": null
              },
              "safari": {
                "version_added": false
              },
              "safari_ios": {
                "version_added": false
              },
              "samsunginternet_android": {
                "version_added": null
              },
              "webview_android": {
                "version_added": false
              }
            },
            "status": {
              "experimental": false,
              "standard_track": true,
              "deprecated": false
            }
          }
        },
        "break-word": {
          "__compat": {
            "description": "<code>break-word</code>",
            "support": {
              "chrome": {
                "version_added": "1"
              },
              "chrome_android": {
                "version_added": "18"
              },
              "edge": {
                "version_added": "12"
              },
              "firefox": {
                "version_added": "3.5"
              },
              "firefox_android": {
                "version_added": "4"
              },
              "ie": {
                "version_added": "5.5"
              },
              "opera": {
                "version_added": "10.5"
              },
              "opera_android": {
                "version_added": "11"
              },
              "safari": {
                "version_added": "1"
              },
              "safari_ios": {
                "version_added": "1"
              },
              "samsunginternet_android": {
                "version_added": "4.0"
              },
              "webview_android": {
                "version_added": "≤37"
              }
            },
            "status": {
              "experimental": false,
              "standard_track": true,
              "deprecated": false
            }
          }
        }
      }
    }
  }
}
