{
  "css": {
    "properties": {
      "page-break-inside": {
        "__compat": {
          "mdn_url": "https://developer.mozilla.org/docs/Web/CSS/page-break-inside",
          "support": {
            "chrome": {
              "version_added": "1"
            },
            "chrome_android": {
              "version_added": "18"
            },
            "edge": {
              "version_added": "12"
            },
            "firefox": {
              "version_added": "19",
              "notes": "Until Firefox 25, <code>page-break-inside</code><code>: avoid</code> did not work with the height of a block."
            },
            "firefox_android": {
              "version_added": "19",
              "notes": "Until Firefox 25, <code>page-break-inside</code><code>: avoid</code> did not work with the height of a block."
            },
            "ie": {
              "version_added": "8"
            },
            "opera": {
              "version_added": "7"
            },
            "opera_android": {
              "version_added": null
            },
            "safari": {
              "version_added": "1.3"
            },
            "safari_ios": {
              "version_added": "1"
            },
            "samsunginternet_android": {
              "version_added": null
            },
            "webview_android": {
              "version_added": "37"
            }
          },
          "status": {
            "experimental": false,
            "standard_track": true,
            "deprecated": false
          }
        }
      }
    }
  }
}
